{"chunk_definitions":[{"row":8,"row_count":1,"visible":true,"expansion_state":0,"options":{"engine":"r","label":"setup","include":false},"document_id":"4166A1F1","chunk_id":"csetup_chunk","chunk_label":"setup"},{"row":22,"row_count":1,"visible":true,"expansion_state":0,"options":{"engine":"r","label":"1988"},"document_id":"4166A1F1","chunk_id":"chwya73sepl89","chunk_label":"1988"},{"row":37,"row_count":1,"visible":true,"expansion_state":0,"options":{"engine":"r","label":"1991"},"document_id":"4166A1F1","chunk_id":"cfk2zy0xpe9e4","chunk_label":"1991"},{"row":52,"row_count":1,"visible":true,"expansion_state":0,"options":{"engine":"r","label":"1994"},"document_id":"4166A1F1","chunk_id":"crfs6eqqo59wq","chunk_label":"1994"},{"row":67,"row_count":1,"visible":true,"expansion_state":0,"options":{"engine":"r","label":"1997"},"document_id":"4166A1F1","chunk_id":"ca3fzzd3trkcj","chunk_label":"1997"},{"row":82,"row_count":1,"visible":true,"expansion_state":0,"options":{"engine":"r","label":"2000"},"document_id":"4166A1F1","chunk_id":"c0ehonipb1eqi","chunk_label":"2000"},{"row":97,"row_count":1,"visible":true,"expansion_state":0,"options":{"engine":"r","label":"2009"},"document_id":"4166A1F1","chunk_id":"ci4v0ihbs1n08","chunk_label":"2009"},{"row":109,"row_count":1,"visible":true,"expansion_state":0,"options":{"engine":"r","label":"unnamed-chunk-26"},"document_id":"4166A1F1","chunk_id":"cviqtie97la2q","chunk_label":"unnamed-chunk-1"}],"doc_write_time":1683713934}