"0","library('tidyverse')"
"0","list_df = list(fies1988, fies1991, fies1994, fies1997, fies2000, fies2009)"
"0","fies <- list_df %>% reduce(merge, by='PROVINCE')"
"2","Warning: column names ‘TOTAL HOUSEHOLD MEMBERS.x’, ‘TOTAL EMPLOYED.x’, ‘TOTAL HOUSEHOLD EXPENDITURES.x’, ‘TOTAL HOUSEHOLD INCOME.x’, ‘INCOME FROM WAGES AND SALARIES.x’, ‘CASH RECEIPTS, ASSISTANCE FROM ABROAD.x’, ‘CASH RECEIPTS, ASSISTANCE FROM DOMESTIC SOURCES.x’, ‘OTHER INCOME.x’, ‘YEAR.x’, ‘TOTAL HOUSEHOLD MEMBERS.y’, ‘TOTAL EMPLOYED.y’, ‘TOTAL HOUSEHOLD EXPENDITURES.y’, ‘TOTAL HOUSEHOLD INCOME.y’, ‘INCOME FROM WAGES AND SALARIES.y’, ‘CASH RECEIPTS, ASSISTANCE FROM ABROAD.y’, ‘CASH RECEIPTS, ASSISTANCE FROM DOMESTIC SOURCES.y’, ‘OTHER INCOME.y’, ‘YEAR.y’ are duplicated in the result"
"2","Warning: column names ‘TOTAL HOUSEHOLD MEMBERS.x’, ‘TOTAL EMPLOYED.x’, ‘TOTAL HOUSEHOLD EXPENDITURES.x’, ‘TOTAL HOUSEHOLD INCOME.x’, ‘INCOME FROM WAGES AND SALARIES.x’, ‘CASH RECEIPTS, ASSISTANCE FROM ABROAD.x’, ‘CASH RECEIPTS, ASSISTANCE FROM DOMESTIC SOURCES.x’, ‘OTHER INCOME.x’, ‘YEAR.x’, ‘TOTAL HOUSEHOLD MEMBERS.y’, ‘TOTAL EMPLOYED.y’, ‘TOTAL HOUSEHOLD EXPENDITURES.y’, ‘TOTAL HOUSEHOLD INCOME.y’, ‘INCOME FROM WAGES AND SALARIES.y’, ‘CASH RECEIPTS, ASSISTANCE FROM ABROAD.y’, ‘CASH RECEIPTS, ASSISTANCE FROM DOMESTIC SOURCES.y’, ‘OTHER INCOME.y’, ‘YEAR.y’ are duplicated in the result"
"2","Warning: column names ‘TOTAL HOUSEHOLD MEMBERS.x’, ‘TOTAL EMPLOYED.x’, ‘TOTAL HOUSEHOLD EXPENDITURES.x’, ‘TOTAL HOUSEHOLD INCOME.x’, ‘INCOME FROM WAGES AND SALARIES.x’, ‘CASH RECEIPTS, ASSISTANCE FROM ABROAD.x’, ‘CASH RECEIPTS, ASSISTANCE FROM DOMESTIC SOURCES.x’, ‘OTHER INCOME.x’, ‘YEAR.x’, ‘TOTAL HOUSEHOLD MEMBERS.y’, ‘TOTAL EMPLOYED.y’, ‘TOTAL HOUSEHOLD EXPENDITURES.y’, ‘TOTAL HOUSEHOLD INCOME.y’, ‘INCOME FROM WAGES AND SALARIES.y’, ‘CASH RECEIPTS, ASSISTANCE FROM ABROAD.y’, ‘CASH RECEIPTS, ASSISTANCE FROM DOMESTIC SOURCES.y’, ‘OTHER INCOME.y’, ‘YEAR.y’, ‘TOTAL HOUSEHOLD MEMBERS.x’, ‘TOTAL EMPLOYED.x’, ‘TOTAL HOUSEHOLD EXPENDITURES.x’, ‘TOTAL HOUSEHOLD INCOME.x’, ‘INCOME FROM WAGES AND SALARIES.x’, ‘CASH RECEIPTS, ASSISTANCE FROM ABROAD.x’, ‘CASH RECEIPTS, ASSISTANCE FROM DOMESTIC SOURCES.x’, ‘OTHER INCOME.x’, ‘YEAR.x’, ‘TOTAL HOUSEHOLD MEMBERS.y’, ‘TOTAL EMPLOYED.y’, ‘TOTAL HOUSEHOLD EXPENDITURES.y’, ‘TOTAL HOUSEHOLD INCOME.y’, ‘INCOME FROM WAGES AND SALARIES.y’, ‘CASH RECEIPTS, ASSISTANCE FROM ABROAD.y’, ‘CASH RECEIPTS, ASSISTANCE FROM DOMESTIC SOURCES.y’, ‘OTHER INCOME.y’, ‘YEAR.y’ are duplicated in the result"
"0","head(fies)"
