"0","library('readr')"
"0","fies1988 <- read_csv(""~/Desktop/econresearchpaper/FIES/1988/1988.CSV"")"
"2","[1mRows: [22m[34m18923[39m [1mColumns: [22m[34m134[39m"
"2","[36m──[39m [1mColumn specification[22m [36m────────────────────────────────────────────────────────────────────[39m
[1mDelimiter:[22m "",""
[31mchr[39m (107): REGN, PRV, STR, MUN, BGY, HCN, RPROV, FSIZE, RFADJ, Z2041_EDUC, Z2061_OCCU, Z...
[32mdbl[39m  (27): URB, Z2011_SEX, Z2021_AGE, Z2031_STATUS, Z2051_JOB, Z2081_CLASSWORK, Z2091_HL..."
"2","
[36mℹ[39m Use `spec()` to retrieve the full column specification for this data.
[36mℹ[39m Specify the column types or set `show_col_types = FALSE` to quiet this message."
"0","fies1988 <- fies1988[,c(""PRV"", ""Z2101_THMEM"", ""Z2171_TEMPL"", ""TOTEX"", ""TOTIN"", ""WSINC"", ""CONAB"", ""CONDO"", ""OTHIN"")]"
"0","fies1988[] <- lapply(fies1988, as.numeric)"
"0","colnames(fies1988) <- c(""PROVINCE"", ""TOTAL HOUSEHOLD MEMBERS"", ""TOTAL EMPLOYED"", ""TOTAL HOUSEHOLD EXPENDITURES"", ""TOTAL HOUSEHOLD INCOME"", ""INCOME FROM WAGES AND SALARIES"", ""CASH RECEIPTS, ASSISTANCE FROM ABROAD"", ""CASH RECEIPTS, ASSISTANCE FROM DOMESTIC SOURCES"", ""OTHER INCOME"", ""YEAR"")"
"0",""
"0","#summary(fies1988)"
"0","#head(fies1988)"
"0","library(dplyr)"
"0","fies1988 <- fies1988 %>% group_by(PROVINCE = PROVINCE) %>% summarise_each(sum)"
"0","fies1988['YEAR'] <- '1988'"
